{"fast_rcnn/cls_accuracy": 0.79296875, "fast_rcnn/false_negative": 1.0, "fast_rcnn/fg_cls_accuracy": 0.0, "iteration": 0, "roi_head/num_bg_samples": 119.0, "roi_head/num_fg_samples": 9.0, "rpn/num_neg_anchors": 239.5, "rpn/num_pos_anchors": 16.5}
{"data_time": 0.1495711454999764, "eta_seconds": 10470.467714910283, "fast_rcnn/cls_accuracy": 0.072265625, "fast_rcnn/false_negative": 0.0, "fast_rcnn/fg_cls_accuracy": 0.1, "iteration": 19, "loss_box_reg": 0.008126011351123452, "loss_cls": 1.2241297364234924, "loss_rpn_cls": 0.18380601704120636, "loss_rpn_loc": 0.012098521925508976, "lr": 4.99525e-06, "rank_data_time": 0.1495711454999764, "roi_head/num_bg_samples": 126.25, "roi_head/num_fg_samples": 1.75, "rpn/num_neg_anchors": 249.25, "rpn/num_pos_anchors": 6.75, "time": 10.684150729500288, "total_loss": 1.489439370110631}
{"data_time": 0.1495711454999764, "fast_rcnn/cls_accuracy": 0.072265625, "fast_rcnn/false_negative": 0.0, "fast_rcnn/fg_cls_accuracy": 0.1, "iteration": 20, "loss_box_reg": 0.008126011351123452, "loss_cls": 1.2241297364234924, "loss_rpn_cls": 0.18380601704120636, "loss_rpn_loc": 0.012098521925508976, "lr": 5.245e-06, "rank_data_time": 0.1495711454999764, "roi_head/num_bg_samples": 126.25, "roi_head/num_fg_samples": 1.75, "rpn/num_neg_anchors": 249.25, "rpn/num_pos_anchors": 6.75, "time": 10.814039083000353, "total_loss": 1.489439370110631}
{"eta_seconds": 10576.130223174345, "iteration": 21}
